fiscalDateEnding,reportedEPS,symbol
2024-09-30,1.81,BSX
2023-12-31,2.05,BSX
2022-12-31,1.75,BSX
2021-12-31,1.63,BSX
2020-12-31,0.96,BSX
2019-12-31,1.59,BSX
2018-12-31,1.48,BSX
2017-12-31,1.26,BSX
2016-12-31,1.12,BSX
2015-12-31,0.93,BSX
2014-12-31,0.83,BSX
2013-12-31,0.45,BSX
2012-12-31,0.41,BSX
2011-12-31,0.44,BSX
2010-12-31,0.4,BSX
2009-12-31,0.5,BSX
2008-12-31,0.52,BSX
2007-12-31,0.41,BSX
2006-12-31,0.84,BSX
2005-12-31,1.82,BSX
2004-12-31,1.63,BSX
2003-12-31,0.62,BSX
2002-12-31,0.51,BSX
2001-12-31,0.41,BSX
2000-12-31,0.52,BSX
1999-12-31,0.53,BSX
1998-12-31,0.42,BSX
1997-12-31,0.42,BSX
1996-12-31,0.39,BSX
2024-09-30,2.63,PLD
2023-12-31,3.29,PLD
2022-12-31,4.35,PLD
2021-12-31,3.94,PLD
2020-12-31,2.02,PLD
2019-12-31,2.45,PLD
2018-12-31,2.84,PLD
2017-12-31,2.0,PLD
2016-12-31,2.25,PLD
2015-12-31,1.64,PLD
2014-12-31,1.18,PLD
2013-12-31,0.0669,PLD
2012-12-31,0.3384,PLD
2011-12-31,-0.0792,PLD
2010-12-31,0.0167,PLD
2009-12-31,-0.74,PLD
2008-12-31,-0.71,PLD
2007-12-31,2.94,PLD
2006-12-31,2.3,PLD
2005-12-31,2.84,PLD
2004-12-31,1.41,PLD
2003-12-31,1.4473,PLD
2002-12-31,1.3746,PLD
2001-12-31,1.4652,PLD
2000-12-31,1.4024,PLD
1999-12-31,1.9402,PLD
1998-12-31,1.2649,PLD
2024-09-30,6.41,IBM
2023-12-31,9.61,IBM
2022-12-31,9.12,IBM
2021-12-31,9.97,IBM
2020-12-31,8.67,IBM
2019-12-31,12.81,IBM
2018-12-31,13.82,IBM
2017-12-31,13.65,IBM
2016-12-31,13.6,IBM
2015-12-31,14.93,IBM
2014-12-31,16.27,IBM
2013-12-31,17.03,IBM
2012-12-31,15.3,IBM
2011-12-31,13.49,IBM
2010-12-31,11.58,IBM
2009-12-31,10.01,IBM
2008-12-31,8.96,IBM
2007-12-31,7.19,IBM
2006-12-31,6.09,IBM
2005-12-31,5.34,IBM
2004-12-31,5.07,IBM
2003-12-31,4.34,IBM
2002-12-31,3.9,IBM
2001-12-31,4.44,IBM
2000-12-31,4.45,IBM
1999-12-31,3.71,IBM
1998-12-31,3.32,IBM
1997-12-31,3.09,IBM
1996-12-31,2.77,IBM
2024-09-30,10.79,MA
2023-12-31,12.26,MA
2022-12-31,10.65,MA
2021-12-31,8.41,MA
2020-12-31,6.43,MA
2019-12-31,7.78,MA
2018-12-31,6.49,MA
2017-12-31,4.59,MA
2016-12-31,3.76,MA
2015-12-31,3.46,MA
2014-12-31,3.09,MA
2013-12-31,2.62,MA
2012-12-31,2.21,MA
2011-12-31,1.87,MA
2010-12-31,1.41,MA
2009-12-31,1.12,MA
2008-12-31,0.91,MA
2007-12-31,0.57,MA
2006-12-31,0.3667,MA
2024-09-30,15.56,NFLX
2023-12-31,12.01,NFLX
2022-12-31,9.95,NFLX
2021-12-31,11.24,NFLX
2020-12-31,6.09,NFLX
2019-12-31,4.13,NFLX
2018-12-31,2.68,NFLX
2017-12-31,1.25,NFLX
2016-12-31,0.42,NFLX
2015-12-31,0.31,NFLX
2014-12-31,0.52,NFLX
2013-12-31,0.29,NFLX
2012-12-31,0.05,NFLX
2011-12-31,0.61,NFLX
2010-12-31,0.41,NFLX
2009-12-31,0.28,NFLX
2008-12-31,0.19,NFLX
2007-12-31,0.13,NFLX
2006-12-31,0.1,NFLX
2005-12-31,0.06,NFLX
2004-12-31,0.0739,NFLX
2003-12-31,0.0158,NFLX
2002-12-31,-0.1111,NFLX
2024-09-30,2.95,BX
2023-12-31,3.95,BX
2022-12-31,5.17,BX
2021-12-31,4.77,BX
2020-12-31,2.65,BX
2019-12-31,2.31,BX
2018-12-31,2.36,BX
2017-12-31,2.81,BX
2016-12-31,2.0,BX
2015-12-31,1.82,BX
2014-12-31,3.76,BX
2013-12-31,3.08,BX
2012-12-31,1.72,BX
2011-12-31,1.23,BX
2010-12-31,1.26,BX
2009-12-31,0.63,BX
2008-12-31,-1.03,BX
2007-12-31,0.75,BX
2024-09-30,4.89,C
2023-12-31,5.59,C
2022-12-31,7.21,C
2021-12-31,9.86,C
2020-12-31,5.18,C
2019-12-31,7.84,C
2018-12-31,6.65,C
2017-12-31,5.33,C
2016-12-31,4.72,C
2015-12-31,5.34,C
2014-12-31,3.75,C
2013-12-31,4.38,C
2012-12-31,3.86,C
2011-12-31,3.7,C
2010-12-31,3.5,C
2009-12-31,-2.9,C
2008-12-31,-46.0,C
2007-12-31,7.0,C
2006-12-31,42.5,C
2005-12-31,39.6,C
2004-12-31,40.4,C
2003-12-31,34.3,C
2002-12-31,26.3,C
2001-12-31,28.2,C
2000-12-31,27.76,C
1999-12-31,21.51,C
1998-12-31,12.7,C
1997-12-31,13.2,C
1996-12-31,12.1935,C
2024-09-30,11.94,SPGI
2023-12-31,12.61,SPGI
2022-12-31,11.17,SPGI
2021-12-31,13.7,SPGI
2020-12-31,11.69,SPGI
2019-12-31,9.53,SPGI
2018-12-31,8.5,SPGI
2017-12-31,6.9,SPGI
2016-12-31,5.35,SPGI
2015-12-31,4.53,SPGI
2014-12-31,3.92,SPGI
2013-12-31,3.33,SPGI
2012-12-31,3.44,SPGI
2011-12-31,2.91,SPGI
2010-12-31,2.7,SPGI
2009-12-31,2.36,SPGI
2008-12-31,2.66,SPGI
2007-12-31,3.01,SPGI
2006-12-31,2.52,SPGI
2005-12-31,2.28,SPGI
2004-12-31,1.91,SPGI
2003-12-31,1.64,SPGI
2002-12-31,1.49,SPGI
2001-12-31,1.23,SPGI
2000-12-31,1.21,SPGI
1999-12-31,1.02,SPGI
1998-12-31,0.87,SPGI
1997-12-31,0.73,SPGI
1996-12-31,0.63,SPGI
2024-09-30,1.72,T
2023-12-31,2.41,T
2022-12-31,2.71,T
2021-12-31,3.4,T
2020-12-31,3.18,T
2019-12-31,3.58,T
2018-12-31,3.52,T
2017-12-31,3.05,T
2016-12-31,2.84,T
2015-12-31,2.69,T
2014-12-31,2.51,T
2013-12-31,2.5,T
2012-12-31,2.33,T
2011-12-31,2.2,T
2010-12-31,2.3,T
2009-12-31,2.12,T
2008-12-31,2.81,T
2007-12-31,2.77,T
2006-12-31,2.34,T
2005-12-31,1.72,T
2004-12-31,1.49,T
2003-12-31,1.55,T
2002-12-31,2.25,T
2001-12-31,2.35,T
2000-12-31,2.24,T
1999-12-31,2.33,T
1998-12-31,2.09,T
1997-12-31,1.85,T
1996-12-31,1.73,T
2024-11-30,0.7,NKE
2024-05-31,3.96,NKE
2023-05-31,3.23,NKE
2022-05-31,3.76,NKE
2021-05-31,3.56,NKE
2020-05-31,1.83,NKE
2019-05-31,2.49,NKE
2018-05-31,2.4,NKE
2017-05-31,2.51,NKE
2016-05-31,2.16,NKE
2015-05-31,1.86,NKE
2014-05-31,1.5,NKE
2013-05-31,1.34,NKE
2012-05-31,1.18,NKE
2011-05-31,1.1,NKE
2010-05-31,0.97,NKE
2009-05-31,0.96,NKE
2008-05-31,0.94,NKE
2007-05-31,0.73,NKE
2006-05-31,0.67,NKE
2005-05-31,0.56,NKE
2004-05-31,0.43,NKE
2003-05-31,0.35,NKE
2002-05-31,0.31,NKE
2001-05-31,0.28,NKE
2000-05-31,0.27,NKE
1999-05-31,0.21,NKE
1998-05-31,0.21,NKE
1997-05-31,0.35,NKE
1996-05-31,0.24,NKE
2024-10-31,1.56,PANW
2024-07-31,5.67,PANW
2023-07-31,4.42,PANW
2022-07-31,2.53,PANW
2021-07-31,2.05,PANW
2020-07-31,1.63,PANW
2019-07-31,1.82,PANW
2018-07-31,1.3,PANW
2017-07-31,0.9,PANW
2016-07-31,0.56,PANW
2015-07-31,0.28,PANW
2014-07-31,0.14,PANW
2013-07-31,0.07,PANW
2012-07-31,0.01,PANW
2024-09-30,10.05,V
2023-09-30,8.76,V
2022-09-30,7.51,V
2021-09-30,5.91,V
2020-09-30,5.03,V
2019-09-30,5.45,V
2018-09-30,4.6,V
2017-09-30,3.48,V
2016-09-30,2.84,V
2015-09-30,2.51,V
2014-09-30,2.19,V
2013-09-30,1.87,V
2012-09-30,1.55,V
2011-09-30,1.26,V
2010-09-30,1.01,V
2009-09-30,0.74,V
2008-09-30,0.42,V
2024-09-30,4.96,DIS
2023-09-30,3.77,DIS
2022-09-30,3.53,DIS
2021-09-30,2.28,DIS
2020-09-30,2.01,DIS
2019-09-30,5.87,DIS
2018-09-30,7.08,DIS
2017-09-30,5.7,DIS
2016-09-30,5.71,DIS
2015-09-30,5.15,DIS
2014-09-30,4.32,DIS
2013-09-30,3.38,DIS
2012-09-30,3.07,DIS
2011-09-30,2.54,DIS
2010-09-30,2.07,DIS
2009-09-30,1.82,DIS
2008-09-30,2.26,DIS
2007-09-30,1.92,DIS
2006-09-30,1.61,DIS
2005-09-30,1.31,DIS
2004-09-30,1.09,DIS
2003-09-30,0.64,DIS
2002-09-30,0.56,DIS
2001-09-30,0.74,DIS
2000-09-30,0.88,DIS
1999-09-30,0.66,DIS
1998-09-30,0.88,DIS
1997-09-30,0.92,DIS
1996-09-30,0.52,DIS
2024-11-30,0.0,MU
2024-08-31,1.27,MU
2023-08-31,-4.45,MU
2022-08-31,8.34,MU
2021-08-31,6.06,MU
2020-08-31,2.83,MU
2019-08-31,6.29,MU
2018-08-31,11.95,MU
2017-08-31,4.86,MU
2016-08-31,0.06,MU
2015-08-31,2.69,MU
2014-08-31,3.18,MU
2013-08-31,-0.31,MU
2012-08-31,-1.04,MU
2011-08-31,0.15,MU
2010-08-31,1.39,MU
2009-08-31,-2.2,MU
2008-08-31,-1.32,MU
2007-08-31,-0.42,MU
2006-08-31,0.25,MU
2005-08-31,0.27,MU
2004-08-31,0.2303,MU
2003-08-31,-1.91,MU
2002-08-31,-0.71,MU
2001-08-31,0.06,MU
2000-08-31,2.56,MU
1999-08-31,-0.14,MU
1998-08-31,-0.59,MU
1997-08-31,0.52,MU
1996-08-31,1.32,MU
2024-09-30,4.11,WFC
2023-12-31,5.16,WFC
2022-12-31,3.61,WFC
2021-12-31,4.9,WFC
2020-12-31,0.41,WFC
2019-12-31,4.33,WFC
2018-12-31,4.45,WFC
2017-12-31,4.08,WFC
2016-12-31,4.06,WFC
2015-12-31,4.15,WFC
2014-12-31,4.1,WFC
2013-12-31,3.89,WFC
2012-12-31,3.37,WFC
2011-12-31,2.82,WFC
2010-12-31,2.21,WFC
2009-12-31,1.77,WFC
2008-12-31,0.83,WFC
2007-12-31,2.4166,WFC
2006-12-31,2.4936,WFC
2005-12-31,2.25,WFC
2004-12-31,2.05,WFC
2003-12-31,1.83,WFC
2002-12-31,1.66,WFC
2001-12-31,1.0035,WFC
2000-12-31,1.28,WFC
1999-12-31,1.12,WFC
1998-12-31,0.97,WFC
1997-12-31,0.88,WFC
1996-12-31,0.78,WFC
2024-09-30,3.49,VZ
2023-12-31,4.71,VZ
2022-12-31,5.17,VZ
2021-12-31,5.4,VZ
2020-12-31,4.9,VZ
2019-12-31,4.81,VZ
2018-12-31,4.71,VZ
2017-12-31,3.75,VZ
2016-12-31,3.87,VZ
2015-12-31,3.99,VZ
2014-12-31,3.42,VZ
2013-12-31,2.84,VZ
2012-12-31,2.32,VZ
2011-12-31,2.16,VZ
2010-12-31,2.24,VZ
2009-12-31,2.4,VZ
2008-12-31,2.55,VZ
2007-12-31,2.37,VZ
2006-12-31,2.54,VZ
2005-12-31,2.56,VZ
2004-12-31,2.51,VZ
2003-12-31,2.62,VZ
2002-12-31,3.05,VZ
2001-12-31,3.01,VZ
2000-12-31,3.11,VZ
1999-12-31,2.99,VZ
1998-12-31,2.72,VZ
1997-12-31,2.43,VZ
1996-12-31,2.14,VZ
2024-09-30,5.35,DHR
2023-12-31,8.52,DHR
2022-12-31,10.95,DHR
2021-12-31,10.06,DHR
2020-12-31,6.29,DHR
2019-12-31,4.7,DHR
2018-12-31,4.52,DHR
2017-12-31,4.03,DHR
2016-12-31,4.25,DHR
2015-12-31,4.33,DHR
2014-12-31,3.68,DHR
2013-12-31,3.42,DHR
2012-12-31,3.18,DHR
2011-12-31,2.84,DHR
2010-12-31,2.31,DHR
2009-12-31,1.77,DHR
2008-12-31,2.13,DHR
2007-12-31,1.93,DHR
2006-12-31,1.63,DHR
2005-12-31,1.39,DHR
2004-12-31,1.16,DHR
2003-12-31,0.82,DHR
2002-12-31,0.7,DHR
2001-12-31,0.58,DHR
2000-12-31,0.55,DHR
1999-12-31,0.46,DHR
1998-12-31,0.39,DHR
1997-12-31,0.33,DHR
1996-12-31,0.27,DHR
2024-09-30,5.79,COP
2023-12-31,8.78,COP
2022-12-31,13.49,COP
2021-12-31,6.0,COP
2020-12-31,-0.97,COP
2019-12-31,3.59,COP
2018-12-31,4.54,COP
2017-12-31,0.73,COP
2016-12-31,-2.66,COP
2015-12-31,-1.39,COP
2014-12-31,5.31,COP
2013-12-31,5.7,COP
2012-12-31,6.11,COP
2011-12-31,8.77,COP
2010-12-31,5.96,COP
2009-12-31,3.65,COP
2008-12-31,10.61,COP
2007-12-31,9.14,COP
2006-12-31,9.99,COP
2005-12-31,9.35,COP
2004-12-31,5.8,COP
2003-12-31,3.35,COP
2002-12-31,1.49,COP
2001-12-31,3.11,COP
2000-12-31,3.74,COP
1999-12-31,1.09,COP
1998-12-31,0.365,COP
1997-12-31,1.75,COP
1996-12-31,1.7,COP
2024-09-30,6.49,ANET
2023-12-31,6.92,ANET
2022-12-31,4.58,ANET
2021-12-31,2.87,ANET
2020-12-31,2.27,ANET
2019-12-31,2.43,ANET
2018-12-31,1.99,ANET
2017-12-31,1.41,ANET
2016-12-31,0.83,ANET
2015-12-31,0.62,ANET
2014-12-31,0.32,ANET
2024-09-30,3.33,ABT
2023-12-31,4.44,ABT
2022-12-31,5.34,ABT
2021-12-31,5.21,ABT
2020-12-31,3.65,ABT
2019-12-31,3.24,ABT
2018-12-31,2.88,ABT
2017-12-31,2.5,ABT
2016-12-31,2.2,ABT
2015-12-31,2.15,ABT
2014-12-31,2.28,ABT
2013-12-31,2.01,ABT
2012-12-31,5.07,ABT
2011-12-31,4.66,ABT
2010-12-31,4.17,ABT
2009-12-31,3.72,ABT
2008-12-31,3.32,ABT
2007-12-31,2.84,ABT
2006-12-31,2.52,ABT
2005-12-31,2.5,ABT
2004-12-31,2.31,ABT
2003-12-31,2.21,ABT
2002-12-31,2.06,ABT
2001-12-31,1.88,ABT
2000-12-31,1.78,ABT
1999-12-31,1.67,ABT
1998-12-31,1.51,ABT
1997-12-31,1.37,ABT
1996-12-31,1.21,ABT
2024-09-30,13.07,JPM
2023-12-31,16.22,JPM
2022-12-31,12.44,JPM
2021-12-31,15.44,JPM
2020-12-31,8.87,JPM
2019-12-31,10.41,JPM
2018-12-31,8.87,JPM
2017-12-31,6.88,JPM
2016-12-31,6.06,JPM
2015-12-31,5.99,JPM
2014-12-31,5.29,JPM
2013-12-31,6.01,JPM
2012-12-31,5.27,JPM
2011-12-31,4.47,JPM
2010-12-31,3.6,JPM
2009-12-31,2.24,JPM
2008-12-31,1.4,JPM
2007-12-31,4.37,JPM
2006-12-31,3.86,JPM
2005-12-31,2.95,JPM
2004-12-31,3.01,JPM
2003-12-31,3.25,JPM
2002-12-31,1.24,JPM
2001-12-31,1.97,JPM
2000-12-31,3.06,JPM
1999-12-31,4.17,JPM
1998-12-31,3.03,JPM
1997-12-31,2.75,JPM
1996-12-31,2.5,JPM
2024-09-30,15.9,META
2023-12-31,14.9,META
2022-12-31,8.58,META
2021-12-31,13.8,META
2020-12-31,9.79,META
2019-12-31,8.56,META
2018-12-31,7.57,META
2017-12-31,6.42,META
2016-12-31,4.24,META
2015-12-31,2.28,META
2014-12-31,1.73,META
2013-12-31,0.87,META
2012-12-31,0.4745,META
2024-09-30,1.69,TSLA
2023-12-31,3.13,TSLA
2022-12-31,4.07,TSLA
2021-12-31,2.26,TSLA
2020-12-31,0.75,TSLA
2019-12-31,0.07,TSLA
2018-12-31,-0.06,TSLA
2017-12-31,-0.57,TSLA
2016-12-31,-0.11,TSLA
2015-12-31,-1.3,TSLA
2014-12-31,0.03,TSLA
2013-12-31,0.05,TSLA
2012-12-31,-0.21,TSLA
2011-12-31,-0.16,TSLA
2010-12-31,-0.0771,TSLA
2024-09-30,6.93,MMC
2023-12-31,7.88,MMC
2022-12-31,6.84,MMC
2021-12-31,6.18,MMC
2020-12-31,4.97,MMC
2019-12-31,4.66,MMC
2018-12-31,4.35,MMC
2017-12-31,3.84,MMC
2016-12-31,3.41,MMC
2015-12-31,3.05,MMC
2014-12-31,2.82,MMC
2013-12-31,2.48,MMC
2012-12-31,2.15,MMC
2011-12-31,1.76,MMC
2010-12-31,1.65,MMC
2009-12-31,1.59,MMC
2008-12-31,1.45,MMC
2007-12-31,1.19,MMC
2006-12-31,1.56,MMC
2005-12-31,1.33,MMC
2004-12-31,0.43,MMC
2003-12-31,2.82,MMC
2002-12-31,2.46,MMC
2001-12-31,2.13,MMC
2000-12-31,2.06,MMC
1999-12-31,1.77,MMC
1998-12-31,1.52,MMC
1997-12-31,1.22,MMC
1996-12-31,1.05,MMC
2024-09-30,5.72,MS
2023-12-31,5.31,MS
2022-12-31,6.14,MS
2021-12-31,8.03,MS
2020-12-31,6.55,MS
2019-12-31,5.19,MS
2018-12-31,4.67,MS
2017-12-31,3.59,MS
2016-12-31,2.91,MS
2015-12-31,2.41,MS
2014-12-31,2.32,MS
2013-12-31,2.06,MS
2012-12-31,1.78,MS
2011-12-31,1.12,MS
2010-12-31,2.31,MS
2009-12-31,-1.07,MS
2007-12-31,1.46,MS
2006-12-31,7.85,MS
2005-12-31,5.13,MS
2004-12-31,4.3,MS
2003-12-31,3.75,MS
2002-12-31,2.9,MS
2001-12-31,3.01,MS
2000-12-31,4.34,MS
1999-12-31,4.57,MS
1998-12-31,3.035,MS
1997-12-31,2.267,MS
1996-12-31,1.3916,MS
2024-09-30,2.33,ADP
2024-06-30,9.18,ADP
2023-06-30,8.23,ADP
2022-06-30,7.01,ADP
2021-06-30,6.02,ADP
2020-06-30,5.92,ADP
2019-06-30,5.45,ADP
2018-06-30,4.34,ADP
2017-06-30,3.7,ADP
2016-06-30,3.26,ADP
2015-06-30,2.91,ADP
2014-06-30,3.17,ADP
2013-06-30,2.88,ADP
2012-06-30,2.74,ADP
2011-06-30,2.51,ADP
2010-06-30,2.37,ADP
2009-06-30,2.38,ADP
2008-06-30,2.19,ADP
2007-06-30,1.94,ADP
2006-06-30,1.84,ADP
2005-06-30,1.78,ADP
2004-06-30,1.56,ADP
2003-06-30,1.67,ADP
2002-06-30,1.75,ADP
2001-06-30,1.52,ADP
2000-06-30,1.31,ADP
1999-06-30,1.14,ADP
1998-06-30,1.01,ADP
1997-06-30,0.9,ADP
1996-06-30,1.299,ADP
2024-09-30,10.21,QCOM
2023-09-30,8.41,QCOM
2022-09-30,12.53,QCOM
2021-09-30,8.54,QCOM
2020-09-30,4.18,QCOM
2019-09-30,3.55,QCOM
2018-09-30,3.43,QCOM
2017-09-30,4.28,QCOM
2016-09-30,4.45,QCOM
2015-09-30,4.64,QCOM
2014-09-30,5.02,QCOM
2013-09-30,4.51,QCOM
2012-09-30,3.72,QCOM
2011-09-30,3.21,QCOM
2010-09-30,2.46,QCOM
2009-09-30,1.9,QCOM
2008-09-30,2.24,QCOM
2007-09-30,2.02,QCOM
2006-09-30,1.64,QCOM
2005-09-30,1.17,QCOM
2004-09-30,1.1,QCOM
2003-09-30,0.71,QCOM
2002-09-30,0.5,QCOM
2001-09-30,0.51,QCOM
2000-09-30,0.53,QCOM
1999-09-30,0.29,QCOM
1998-09-30,0.11,QCOM
1997-09-30,0.07,QCOM
1996-09-30,0.0126,QCOM
2024-09-30,3.37,CMCSA
2023-12-31,3.97,CMCSA
2022-12-31,3.65,CMCSA
2021-12-31,3.24,CMCSA
2020-12-31,2.61,CMCSA
2019-12-31,3.12,CMCSA
2018-12-31,2.56,CMCSA
2017-12-31,2.06,CMCSA
2016-12-31,1.77,CMCSA
2015-12-31,1.64,CMCSA
2014-12-31,1.46,CMCSA
2013-12-31,1.25,CMCSA
2012-12-31,0.97,CMCSA
2011-12-31,0.79,CMCSA
2010-12-31,0.66,CMCSA
2009-12-31,0.65,CMCSA
2008-12-31,0.48,CMCSA
2007-12-31,0.38,CMCSA
2006-12-31,0.3,CMCSA
2005-12-31,0.16,CMCSA
2004-12-31,0.14,CMCSA
2003-12-31,-0.0033,CMCSA
2002-12-31,0.26,CMCSA
2001-12-31,-0.52,CMCSA
2000-12-31,0.32,CMCSA
1999-12-31,-0.08,CMCSA
1998-12-31,0.5026,CMCSA
1997-12-31,-0.05,CMCSA
1996-12-31,-0.02,CMCSA
2024-09-30,2.48,PFE
2023-12-31,1.83,PFE
2022-12-31,6.63,PFE
2021-12-31,4.42,PFE
2020-12-31,2.72,PFE
2019-12-31,2.95,PFE
2018-12-31,3.0,PFE
2017-12-31,2.65,PFE
2016-12-31,2.39,PFE
2015-12-31,2.2,PFE
2014-12-31,2.26,PFE
2013-12-31,2.24,PFE
2012-12-31,2.2,PFE
2011-12-31,2.32,PFE
2010-12-31,2.23,PFE
2009-12-31,2.02,PFE
2008-12-31,2.43,PFE
2007-12-31,2.2,PFE
2006-12-31,2.08,PFE
2005-12-31,2.02,PFE
2004-12-31,2.12,PFE
2003-12-31,1.75,PFE
2002-12-31,1.59,PFE
2001-12-31,1.31,PFE
2000-12-31,1.05,PFE
1999-12-31,0.88,PFE
1998-12-31,0.7,PFE
1997-12-31,0.57,PFE
1996-12-31,0.5,PFE
2024-09-30,21.11,UNH
2023-12-31,25.12,UNH
2022-12-31,22.19,UNH
2021-12-31,19.01,UNH
2020-12-31,16.87,UNH
2019-12-31,15.11,UNH
2018-12-31,12.87,UNH
2017-12-31,10.08,UNH
2016-12-31,7.99,UNH
2015-12-31,6.15,UNH
2014-12-31,5.7,UNH
2013-12-31,5.5,UNH
2012-12-31,5.28,UNH
2011-12-31,4.72,UNH
2010-12-31,4.21,UNH
2009-12-31,3.24,UNH
2008-12-31,2.96,UNH
2007-12-31,3.48,UNH
2006-12-31,2.98,UNH
2005-12-31,2.48,UNH
2004-12-31,1.98,UNH
2003-12-31,1.49,UNH
2002-12-31,1.06,UNH
2001-12-31,0.7,UNH
2000-12-31,0.53,UNH
1999-12-31,0.4,UNH
1998-12-31,0.32,UNH
1997-12-31,0.28,UNH
1996-12-31,0.25,UNH
2024-09-30,14.51,AMGN
2023-12-31,18.65,AMGN
2022-12-31,17.69,AMGN
2021-12-31,17.11,AMGN
2020-12-31,16.6,AMGN
2019-12-31,14.83,AMGN
2018-12-31,14.41,AMGN
2017-12-31,12.58,AMGN
2016-12-31,11.65,AMGN
2015-12-31,10.38,AMGN
2014-12-31,8.7,AMGN
2013-12-31,7.61,AMGN
2012-12-31,6.51,AMGN
2011-12-31,5.32,AMGN
2010-12-31,5.21,AMGN
2009-12-31,4.91,AMGN
2008-12-31,4.55,AMGN
2007-12-31,4.28,AMGN
2006-12-31,3.9,AMGN
2005-12-31,3.2,AMGN
2004-12-31,2.41,AMGN
2003-12-31,1.9,AMGN
2002-12-31,1.39,AMGN
2001-12-31,1.18,AMGN
2000-12-31,1.06,AMGN
1999-12-31,1.02,AMGN
1998-12-31,0.83,AMGN
1997-12-31,0.68,AMGN
1996-12-31,0.61,AMGN
2024-09-30,5.9,GOOG
2023-12-31,5.8,GOOG
2022-12-31,4.55,GOOG
2021-12-31,5.6,GOOG
2020-12-31,2.9435,GOOG
2019-12-31,2.459,GOOG
2018-12-31,2.185,GOOG
2017-12-31,1.6005,GOOG
2016-12-31,1.717,GOOG
2015-12-31,1.479,GOOG
2014-12-31,13.0115,GOOG
2024-10-31,3.435,AVGO
2023-10-31,4.225,AVGO
2022-10-31,3.764,AVGO
2021-10-31,2.8,AVGO
2020-10-31,2.214,AVGO
2019-10-31,2.131,AVGO
2018-10-31,2.083,AVGO
2017-10-31,1.601,AVGO
2016-10-31,1.13,AVGO
2015-10-31,0.897,AVGO
2014-10-31,0.494,AVGO
2013-10-31,0.268,AVGO
2012-10-31,0.255,AVGO
2011-10-31,0.255,AVGO
2010-10-31,0.198,AVGO
2009-10-31,0.0289,AVGO
2024-09-30,3.44,KKR
2023-12-31,3.42,KKR
2022-12-31,3.89,KKR
2021-12-31,4.44,KKR
2020-12-31,1.78,KKR
2019-12-31,1.67,KKR
2018-12-31,2.06,KKR
2017-12-31,2.38,KKR
2016-12-31,0.69,KKR
2015-12-31,1.21,KKR
2014-12-31,1.99,KKR
2013-12-31,2.98,KKR
2012-12-31,2.9,KKR
2011-12-31,0.74,KKR
2010-12-31,3.0,KKR
2009-12-31,2.59,KKR
2024-09-30,20.04,LMT
2023-12-31,27.85,LMT
2022-12-31,21.71,LMT
2021-12-31,23.29,LMT
2020-12-31,24.92,LMT
2019-12-31,21.68,LMT
2018-12-31,17.86,LMT
2017-12-31,13.34,LMT
2016-12-31,12.38,LMT
2015-12-31,11.39,LMT
2014-12-31,11.4,LMT
2013-12-31,9.58,LMT
2012-12-31,8.52,LMT
2011-12-31,7.82,LMT
2010-12-31,7.23,LMT
2009-12-31,7.8,LMT
2008-12-31,7.87,LMT
2007-12-31,7.11,LMT
2006-12-31,5.82,LMT
2005-12-31,4.1,LMT
2004-12-31,2.83,LMT
2003-12-31,2.34,LMT
2002-12-31,2.59,LMT
2001-12-31,1.48,LMT
2000-12-31,1.07,LMT
1999-12-31,1.47,LMT
1998-12-31,3.13,LMT
1997-12-31,3.03,LMT
1996-12-31,2.71,LMT
2024-10-31,1.85,WMT
2024-01-31,5.44,WMT
2023-01-31,6.28,WMT
2022-01-31,6.45,WMT
2021-01-31,5.54,WMT
2020-01-31,4.94,WMT
2019-01-31,4.92,WMT
2018-01-31,4.41,WMT
2017-01-31,4.33,WMT
2016-01-31,4.59,WMT
2015-01-31,5.07,WMT
2014-01-31,5.13,WMT
2013-01-31,5.02,WMT
2012-01-31,4.48,WMT
2011-01-31,4.09,WMT
2010-01-31,3.66,WMT
2009-01-31,3.42,WMT
2008-01-31,3.13,WMT
2007-01-31,2.89,WMT
2006-01-31,2.63,WMT
2005-01-31,2.41,WMT
2004-01-31,2.02,WMT
2003-01-31,1.81,WMT
2002-01-31,1.5,WMT
2001-01-31,1.42,WMT
2000-01-31,1.28,WMT
1999-01-31,1.0,WMT
1998-01-31,0.78,WMT
1997-01-31,0.68,WMT
2024-09-30,0.86,LRCX
2024-06-30,30.3,LRCX
2023-06-30,34.1,LRCX
2022-06-30,33.12,LRCX
2021-06-30,27.28,LRCX
2020-06-30,15.95,LRCX
2019-06-30,14.55,LRCX
2018-06-30,17.9,LRCX
2017-06-30,9.96,LRCX
2016-06-30,6.37,LRCX
2015-06-30,5.05,LRCX
2014-06-30,4.42,LRCX
2013-06-30,2.22,LRCX
2012-06-30,2.07,LRCX
2011-06-30,5.85,LRCX
2010-06-30,2.61,LRCX
2009-06-30,-0.99,LRCX
2008-06-30,2.7676,LRCX
2007-06-30,3.5581,LRCX
2006-06-30,2.51,LRCX
2005-06-30,2.14,LRCX
2004-06-30,0.62,LRCX
2003-06-30,0.09,LRCX
2002-06-30,0.06,LRCX
2001-06-30,1.67,LRCX
2000-06-30,1.34,LRCX
1999-06-30,-0.48,LRCX
1998-06-30,0.0,LRCX
1997-06-30,0.21,LRCX
1996-06-30,1.55,LRCX
2024-09-30,7.32,HON
2023-12-31,9.17,HON
2022-12-31,8.78,HON
2021-12-31,8.05,HON
2020-12-31,7.1,HON
2019-12-31,8.16,HON
2018-12-31,7.94,HON
2017-12-31,7.06,HON
2016-12-31,6.53,HON
2015-12-31,6.1,HON
2014-12-31,5.56,HON
2013-12-31,4.97,HON
2012-12-31,4.5,HON
2011-12-31,4.05,HON
2010-12-31,2.61,HON
2009-12-31,2.85,HON
2008-12-31,3.75,HON
2007-12-31,3.16,HON
2006-12-31,2.53,HON
2005-12-31,2.13,HON
2004-12-31,1.68,HON
2003-12-31,1.56,HON
2002-12-31,2.0,HON
2001-12-31,2.05,HON
2000-12-31,2.84,HON
1999-12-31,2.76,HON
1998-12-31,2.34,HON
1997-12-31,2.06,HON
1996-12-31,1.8,HON
2024-09-30,6.75,AAPL
2023-09-30,6.12,AAPL
2022-09-30,6.11,AAPL
2021-09-30,5.62,AAPL
2020-09-30,3.27,AAPL
2019-09-30,2.98,AAPL
2018-09-30,2.97,AAPL
2017-09-30,2.3,AAPL
2016-09-30,2.0675,AAPL
2015-09-30,2.3,AAPL
2014-09-30,1.6075,AAPL
2013-09-30,1.415,AAPL
2012-09-30,1.5775,AAPL
2011-09-30,0.9875,AAPL
2010-09-30,0.54,AAPL
2009-09-30,0.2225,AAPL
2008-09-30,0.19,AAPL
2007-09-30,0.14,AAPL
2006-09-30,0.08,AAPL
2005-09-30,0.04,AAPL
2004-09-30,0.05,AAPL
2003-09-30,0.0112,AAPL
2002-09-30,0.0198,AAPL
2001-09-30,0.0067,AAPL
2000-09-30,0.04,AAPL
1999-09-30,0.05,AAPL
1998-09-30,0.04,AAPL
1997-09-30,-0.1114,AAPL
1996-09-30,-0.1082,AAPL
2024-09-30,31.63,BLK
2023-12-31,37.78,BLK
2022-12-31,35.36,BLK
2021-12-31,39.17,BLK
2020-12-31,33.85,BLK
2019-12-31,28.51,BLK
2018-12-31,26.96,BLK
2017-12-31,22.16,BLK
2016-12-31,19.31,BLK
2015-12-31,19.6,BLK
2014-12-31,19.35,BLK
2013-12-31,16.6,BLK
2012-12-31,13.69,BLK
2011-12-31,11.85,BLK
2010-12-31,10.94,BLK
2009-12-31,7.05,BLK
2008-12-31,6.43,BLK
2007-12-31,8.2,BLK
2006-12-31,5.09,BLK
2005-12-31,4.04,BLK
2004-12-31,2.73,BLK
2003-12-31,2.36,BLK
2002-12-31,2.04,BLK
2001-12-31,1.65,BLK
2000-12-31,1.35,BLK
1999-12-31,0.27,BLK
2024-09-30,7.1,TMUS
2023-12-31,6.93,TMUS
2022-12-31,2.58,TMUS
2021-12-31,2.41,TMUS
2020-12-31,3.08,TMUS
2019-12-31,4.03,TMUS
2018-12-31,3.38,TMUS
2017-12-31,2.39,TMUS
2016-12-31,1.53,TMUS
2015-12-31,0.82,TMUS
2014-12-31,0.3,TMUS
2013-12-31,0.18,TMUS
2012-12-31,1.88,TMUS
2011-12-31,1.64,TMUS
2010-12-31,1.42,TMUS
2009-12-31,0.98,TMUS
2008-12-31,0.84,TMUS
2007-12-31,0.58,TMUS
2024-09-30,9.99,PGR
2023-12-31,6.48,PGR
2022-12-31,4.18,PGR
2021-12-31,3.48,PGR
2020-12-31,7.47,PGR
2019-12-31,5.26,PGR
2018-12-31,5.01,PGR
2017-12-31,2.49,PGR
2016-12-31,1.7,PGR
2015-12-31,2.01,PGR
2014-12-31,1.92,PGR
2013-12-31,1.58,PGR
2012-12-31,1.15,PGR
2011-12-31,1.48,PGR
2010-12-31,1.51,PGR
2009-12-31,1.55,PGR
2008-12-31,1.29,PGR
2007-12-31,1.54,PGR
2006-12-31,2.13,PGR
2005-12-31,1.78,PGR
2004-12-31,1.85,PGR
2003-12-31,1.42,PGR
2002-12-31,0.81,PGR
2001-12-31,0.55,PGR
2000-12-31,0.07,PGR
1999-12-31,0.33,PGR
1998-12-31,0.5,PGR
1997-12-31,0.37,PGR
1996-12-31,0.1,PGR
2024-10-31,7.41,CRM
2024-01-31,8.21,CRM
2023-01-31,5.25,CRM
2022-01-31,4.8,CRM
2021-01-31,4.92,CRM
2020-01-31,3.0,CRM
2019-01-31,2.58,CRM
2018-01-31,1.35,CRM
2017-01-31,1.0,CRM
2016-01-31,0.75,CRM
2015-01-31,0.52,CRM
2014-01-31,0.35,CRM
2013-01-31,0.41,CRM
2012-01-31,0.35,CRM
2011-01-31,0.31,CRM
2010-01-31,0.16,CRM
2009-01-31,0.09,CRM
2008-01-31,0.05,CRM
2007-01-31,0.07,CRM
2006-01-31,0.04,CRM
2005-01-31,0.0173,CRM
2024-09-30,5.0,PM
2023-12-31,6.01,PM
2022-12-31,5.96,PM
2021-12-31,6.07,PM
2020-12-31,5.18,PM
2019-12-31,5.2,PM
2018-12-31,5.1,PM
2017-12-31,4.71,PM
2016-12-31,4.48,PM
2015-12-31,4.42,PM
2014-12-31,5.02,PM
2013-12-31,5.4,PM
2012-12-31,5.23,PM
2011-12-31,4.87,PM
2010-12-31,3.87,PM
2009-12-31,3.31,PM
2008-12-31,3.4,PM
2024-09-30,7.95,JNJ
2023-12-31,10.43,JNJ
2022-12-31,10.16,JNJ
2021-12-31,9.8,JNJ
2020-12-31,8.03,JNJ
2019-12-31,8.68,JNJ
2018-12-31,8.18,JNJ
2017-12-31,7.3,JNJ
2016-12-31,6.68,JNJ
2015-12-31,6.2,JNJ
2014-12-31,5.97,JNJ
2013-12-31,5.52,JNJ
2012-12-31,5.11,JNJ
2011-12-31,5.0,JNJ
2010-12-31,4.76,JNJ
2009-12-31,4.63,JNJ
2008-12-31,4.55,JNJ
2007-12-31,4.15,JNJ
2006-12-31,3.76,JNJ
2005-12-31,3.5,JNJ
2004-12-31,3.1,JNJ
2003-12-31,2.65,JNJ
2002-12-31,2.22,JNJ
2001-12-31,1.9,JNJ
2000-12-31,1.72,JNJ
1999-12-31,1.51,JNJ
1998-12-31,1.35,JNJ
1997-12-31,1.24,JNJ
1996-12-31,1.09,JNJ
2024-09-30,28.6,GS
2023-12-31,23.9,GS
2022-12-31,30.06,GS
2021-12-31,59.36,GS
2020-12-31,31.13,GS
2019-12-31,21.0,GS
2018-12-31,25.25,GS
2017-12-31,19.8,GS
2016-12-31,16.36,GS
2015-12-31,18.27,GS
2014-12-31,17.07,GS
2013-12-31,15.47,GS
2012-12-31,14.15,GS
2011-12-31,4.41,GS
2010-12-31,13.14,GS
2009-12-31,23.19,GS
2007-12-31,21.3,GS
2006-12-31,21.3,GS
2005-12-31,13.39,GS
2004-12-31,9.35,GS
2003-12-31,7.07,GS
2002-12-31,4.33,GS
2001-12-31,3.84,GS
2000-12-31,6.0,GS
1999-12-31,5.86,GS
2024-09-30,2.81,APP
2023-12-31,1.0,APP
2022-12-31,-0.52,APP
2021-12-31,0.4731,APP
2020-12-31,-0.05,APP
2024-09-30,3.17,GE
2023-12-31,2.8,GE
2022-12-31,3.01,GE
2021-12-31,2.13,GE
2020-12-31,0.32,GE
2019-12-31,4.88,GE
2018-12-31,5.28,GE
2017-12-31,8.4,GE
2016-12-31,12.0,GE
2015-12-31,11.44,GE
2014-12-31,13.28,GE
2013-12-31,12.8,GE
2012-12-31,12.16,GE
2011-12-31,10.96,GE
2010-12-31,9.28,GE
2009-12-31,8.16,GE
2008-12-31,14.32,GE
2007-12-31,17.2,GE
2006-12-31,15.92,GE
2005-12-31,14.48,GE
2004-12-31,12.72,GE
2003-12-31,12.4,GE
2002-12-31,12.08,GE
2001-12-31,11.28,GE
2000-12-31,10.24,GE
1999-12-31,8.64,GE
1998-12-31,0.94,GE
1997-12-31,0.84,GE
1996-12-31,0.73,GE
2024-09-30,0.27,PLTR
2023-12-31,0.25,PLTR
2022-12-31,0.06,PLTR
2021-12-31,0.14,PLTR
2020-12-31,0.16,PLTR
2024-09-30,-0.53,BMY
2023-12-31,7.39,BMY
2022-12-31,7.8,BMY
2021-12-31,7.5,BMY
2020-12-31,6.44,BMY
2019-12-31,4.67,BMY
2018-12-31,3.98,BMY
2017-12-31,3.01,BMY
2016-12-31,2.83,BMY
2015-12-31,2.01,BMY
2014-12-31,1.85,BMY
2013-12-31,1.82,BMY
2012-12-31,2.0,BMY
2011-12-31,2.28,BMY
2010-12-31,2.16,BMY
2009-12-31,2.03,BMY
2008-12-31,1.77,BMY
2007-12-31,1.48,BMY
2006-12-31,1.08,BMY
2005-12-31,1.43,BMY
2004-12-31,1.7,BMY
2003-12-31,1.68,BMY
2002-12-31,1.25,BMY
2001-12-31,2.41,BMY
2000-12-31,2.24,BMY
1999-12-31,1.95,BMY
1998-12-31,1.71,BMY
1997-12-31,1.52,BMY
1996-12-31,1.35,BMY
2024-10-31,25.6,DE
2023-10-31,34.72,DE
2022-10-31,23.33,DE
2021-10-31,18.92,DE
2020-10-31,8.7,DE
2019-10-31,9.91,DE
2018-10-31,9.34,DE
2017-10-31,6.64,DE
2016-10-31,4.81,DE
2015-10-31,5.76,DE
2014-10-31,8.9,DE
2013-10-31,9.08,DE
2012-10-31,7.64,DE
2011-10-31,6.63,DE
2010-10-31,4.66,DE
2009-10-31,2.81,DE
2008-10-31,4.7,DE
2007-10-31,4.01,DE
2006-10-31,3.19,DE
2005-10-31,2.94,DE
2004-10-31,2.78,DE
2003-10-31,1.33,DE
2002-10-31,0.67,DE
2001-10-31,0.32,DE
2000-10-31,1.03,DE
1999-10-31,0.6,DE
1998-10-31,2.1,DE
1997-10-31,1.9,DE
1996-10-31,1.29,DE
2024-09-30,2.41,BAC
2023-12-31,3.04,BAC
2022-12-31,3.24,BAC
2021-12-31,3.33,BAC
2020-12-31,1.84,BAC
2019-12-31,2.77,BAC
2018-12-31,2.63,BAC
2017-12-31,1.83,BAC
2016-12-31,1.39,BAC
2015-12-31,1.3,BAC
2014-12-31,0.61,BAC
2013-12-31,1.01,BAC
2012-12-31,0.4369,BAC
2011-12-31,-0.27,BAC
2010-12-31,0.86,BAC
2009-12-31,-0.09,BAC
2008-12-31,0.62,BAC
2007-12-31,3.32,BAC
2006-12-31,4.71,BAC
2005-12-31,4.22,BAC
2004-12-31,3.7,BAC
2003-12-31,3.58,BAC
2002-12-31,2.97,BAC
2001-12-31,2.47,BAC
2000-12-31,2.38,BAC
1999-12-31,2.36,BAC
1998-12-31,1.89,BAC
1997-12-31,2.08,BAC
1996-12-31,2.04,BAC
2024-10-31,12.01,HD
2024-01-31,15.1,HD
2023-01-31,16.68,HD
2022-01-31,15.52,HD
2021-01-31,11.93,HD
2020-01-31,10.25,HD
2019-01-31,9.89,HD
2018-01-31,7.48,HD
2017-01-31,6.45,HD
2016-01-31,5.4,HD
2015-01-31,4.59,HD
2014-01-31,3.75,HD
2013-01-31,3.07,HD
2012-01-31,2.46,HD
2011-01-31,2.04,HD
2010-01-31,1.64,HD
2009-01-31,1.76,HD
2008-01-31,2.24,HD
2007-01-31,2.83,HD
2006-01-31,2.71,HD
2005-01-31,2.26,HD
2004-01-31,1.87,HD
2003-01-31,1.56,HD
2002-01-31,1.29,HD
2001-01-31,1.11,HD
2000-01-31,1.01,HD
1999-01-31,0.72,HD
1998-01-31,0.55,HD
1997-01-31,0.43,HD
2024-09-30,5.12,ISRG
2023-12-31,5.71,ISRG
2022-12-31,4.69,ISRG
2021-12-31,4.97,ISRG
2020-12-31,3.38,ISRG
2019-12-31,4.25,ISRG
2018-12-31,3.71,ISRG
2017-12-31,3.0,ISRG
2016-12-31,2.48,ISRG
2015-12-31,2.06,ISRG
2014-12-31,1.62,ISRG
2013-12-31,1.86,ISRG
2012-12-31,1.67,ISRG
2011-12-31,1.37,ISRG
2010-12-31,1.06,ISRG
2009-12-31,0.66,ISRG
2008-12-31,0.56,ISRG
2007-12-31,0.42,ISRG
2006-12-31,0.21,ISRG
2005-12-31,0.28,ISRG
2004-12-31,0.09,ISRG
2003-12-31,0.0,ISRG
2002-12-31,-0.11,ISRG
2001-12-31,-0.1,ISRG
2000-12-31,-0.1,ISRG
2024-10-31,0.91,CSCO
2024-07-31,3.73,CSCO
2023-07-31,3.88,CSCO
2022-07-31,3.36,CSCO
2021-07-31,3.22,CSCO
2020-07-31,3.2,CSCO
2019-07-31,3.09,CSCO
2018-07-31,2.6,CSCO
2017-07-31,2.39,CSCO
2016-07-31,2.36,CSCO
2015-07-31,2.2,CSCO
2014-07-31,2.06,CSCO
2013-07-31,2.02,CSCO
2012-07-31,1.85,CSCO
2011-07-31,1.61,CSCO
2010-07-31,1.61,CSCO
2009-07-31,1.35,CSCO
2008-07-31,1.56,CSCO
2007-07-31,1.34,CSCO
2006-07-31,1.1,CSCO
2005-07-31,0.91,CSCO
2004-07-31,0.75,CSCO
2003-07-31,0.59,CSCO
2002-07-31,0.38,CSCO
2001-07-31,0.41,CSCO
2000-07-31,0.54,CSCO
1999-07-31,0.4,CSCO
1998-07-31,0.3,CSCO
1997-07-31,0.23,CSCO
1996-07-31,0.1599,CSCO
2024-09-30,3.56,SO
2023-12-31,3.64,SO
2022-12-31,3.61,SO
2021-12-31,3.41,SO
2020-12-31,3.25,SO
2019-12-31,3.11,SO
2018-12-31,3.07,SO
2017-12-31,3.02,SO
2016-12-31,2.84,SO
2015-12-31,2.88,SO
2014-12-31,2.81,SO
2013-12-31,2.73,SO
2012-12-31,2.66,SO
2011-12-31,2.58,SO
2010-12-31,2.38,SO
2009-12-31,2.32,SO
2008-12-31,2.37,SO
2007-12-31,2.21,SO
2006-12-31,2.11,SO
2005-12-31,2.13,SO
2004-12-31,2.04,SO
2003-12-31,1.97,SO
2002-12-31,1.86,SO
2001-12-31,1.59,SO
2000-12-31,2.13,SO
1999-12-31,1.78,SO
1998-12-31,1.73,SO
1997-12-31,1.59,SO
1996-12-31,1.68,SO
2024-09-30,-3.69,VRTX
2023-12-31,15.22,VRTX
2022-12-31,14.89,VRTX
2021-12-31,13.02,VRTX
2020-12-31,10.32,VRTX
2019-12-31,5.33,VRTX
2018-12-31,4.09,VRTX
2017-12-31,1.94,VRTX
2016-12-31,0.84,VRTX
2015-12-31,-1.33,VRTX
2014-12-31,-3.14,VRTX
2013-12-31,-0.72,VRTX
2012-12-31,0.13,VRTX
2011-12-31,0.04,VRTX
2010-12-31,-3.77,VRTX
2009-12-31,-3.72,VRTX
2008-12-31,-3.27,VRTX
2007-12-31,-3.03,VRTX
2006-12-31,-1.87,VRTX
2005-12-31,-2.28,VRTX
2004-12-31,-2.11,VRTX
2003-12-31,-2.33,VRTX
2002-12-31,-1.41,VRTX
2001-12-31,-0.64,VRTX
2000-12-31,-0.59,VRTX
1999-12-31,-0.8,VRTX
1998-12-31,-0.64,VRTX
1997-12-31,-0.4,VRTX
1996-12-31,-0.67,VRTX
2024-09-30,2.71,GILD
2023-12-31,7.04,GILD
2022-12-31,7.27,GILD
2021-12-31,7.29,GILD
2020-12-31,7.09,GILD
2019-12-31,6.63,GILD
2018-12-31,6.67,GILD
2017-12-31,8.84,GILD
2016-12-31,11.56,GILD
2015-12-31,12.63,GILD
2014-12-31,8.32,GILD
2013-12-31,2.05,GILD
2012-12-31,1.96,GILD
2011-12-31,1.94,GILD
2010-12-31,1.86,GILD
2009-12-31,1.54,GILD
2008-12-31,1.05,GILD
2007-12-31,0.84,GILD
2006-12-31,0.64,GILD
2005-12-31,0.43,GILD
2004-12-31,0.24,GILD
2003-12-31,0.18,GILD
2002-12-31,0.0475,GILD
2001-12-31,-0.06,GILD
2000-12-31,-0.027,GILD
1999-12-31,-0.05,GILD
1998-12-31,-0.07,GILD
1997-12-31,-0.03,GILD
1996-12-31,-0.02,GILD
2024-09-30,7.68,LLY
2023-12-31,6.32,LLY
2022-12-31,8.09,LLY
2021-12-31,8.17,LLY
2020-12-31,7.93,LLY
2019-12-31,6.04,LLY
2018-12-31,5.56,LLY
2017-12-31,4.28,LLY
2016-12-31,3.52,LLY
2015-12-31,3.44,LLY
2014-12-31,2.79,LLY
2013-12-31,4.15,LLY
2012-12-31,3.39,LLY
2011-12-31,4.42,LLY
2010-12-31,4.74,LLY
2009-12-31,4.43,LLY
2008-12-31,4.02,LLY
2007-12-31,3.55,LLY
2006-12-31,3.18,LLY
2005-12-31,2.88,LLY
2004-12-31,2.82,LLY
2003-12-31,2.58,LLY
2002-12-31,2.55,LLY
2001-12-31,2.76,LLY
2000-12-31,2.65,LLY
1999-12-31,2.28,LLY
1998-12-31,1.95,LLY
1997-12-31,1.61,LLY
1996-12-31,1.4,LLY
2024-09-30,10.26,NOW
2023-12-31,10.77,NOW
2022-12-31,7.59,NOW
2021-12-31,5.95,NOW
2020-12-31,4.66,NOW
2019-12-31,3.33,NOW
2018-12-31,2.5,NOW
2017-12-31,1.19,NOW
2016-12-31,0.71,NOW
2015-12-31,0.39,NOW
2014-12-31,-0.09,NOW
2013-12-31,-0.08,NOW
2012-12-31,-0.2121,NOW
2024-09-30,6.2,PEP
2023-12-31,7.62,PEP
2022-12-31,6.79,PEP
2021-12-31,6.25,PEP
2020-12-31,5.52,PEP
2019-12-31,5.52,PEP
2018-12-31,5.65,PEP
2017-12-31,5.17,PEP
2016-12-31,3.49,PEP
2015-12-31,4.56,PEP
2014-12-31,4.63,PEP
2013-12-31,4.37,PEP
2012-12-31,4.1,PEP
2011-12-31,4.41,PEP
2010-12-31,4.13,PEP
2009-12-31,3.71,PEP
2008-12-31,3.67,PEP
2007-12-31,3.38,PEP
2006-12-31,3.0,PEP
2005-12-31,1.96,PEP
2004-12-31,1.7,PEP
2003-12-31,2.04,PEP
2002-12-31,1.94,PEP
2001-12-31,1.68,PEP
2000-12-31,1.45,PEP
1999-12-31,1.23,PEP
1998-12-31,1.18,PEP
1997-12-31,1.31,PEP
1996-12-31,1.15,PEP
2024-09-30,8.18,SYK
2023-12-31,10.6,SYK
2022-12-31,9.34,SYK
2021-12-31,9.09,SYK
2020-12-31,7.43,SYK
2019-12-31,8.26,SYK
2018-12-31,7.31,SYK
2017-12-31,6.49,SYK
2016-12-31,5.8,SYK
2015-12-31,5.12,SYK
2014-12-31,4.73,SYK
2013-12-31,4.24,SYK
2012-12-31,4.08,SYK
2011-12-31,3.73,SYK
2010-12-31,3.33,SYK
2009-12-31,2.95,SYK
2008-12-31,2.83,SYK
2007-12-31,2.41,SYK
2006-12-31,2.02,SYK
2005-12-31,1.75,SYK
2004-12-31,1.43,SYK
2003-12-31,1.13,SYK
2002-12-31,0.88,SYK
2001-12-31,0.67,SYK
2000-12-31,0.56,SYK
1999-12-31,0.42,SYK
1998-12-31,0.38,SYK
1997-12-31,0.34,SYK
1996-12-31,0.27,SYK
2024-09-30,1.93,PG
2024-06-30,6.59,PG
2023-06-30,5.9,PG
2022-06-30,5.81,PG
2021-06-30,5.66,PG
2020-06-30,5.12,PG
2019-06-30,4.53,PG
2018-06-30,4.22,PG
2017-06-30,3.92,PG
2016-06-30,3.67,PG
2015-06-30,4.05,PG
2014-06-30,4.25,PG
2013-06-30,4.06,PG
2012-06-30,3.89,PG
2011-06-30,3.95,PG
2010-06-30,4.09,PG
2009-06-30,4.25,PG
2008-06-30,3.64,PG
2007-06-30,3.04,PG
2006-06-30,2.67,PG
2005-06-30,2.66,PG
2004-06-30,2.33,PG
2003-06-30,2.03,PG
2002-06-30,1.79,PG
2001-06-30,1.57,PG
2000-06-30,1.48,PG
1999-06-30,1.45,PG
1998-06-30,1.36,PG
1997-06-30,1.23,PG
1996-06-30,1.08,PG
2024-09-30,7.96,ABBV
2023-12-31,11.11,ABBV
2022-12-31,13.87,ABBV
2021-12-31,12.68,ABBV
2020-12-31,10.51,ABBV
2019-12-31,8.94,ABBV
2018-12-31,7.91,ABBV
2017-12-31,5.59,ABBV
2016-12-31,4.82,ABBV
2015-12-31,4.28,ABBV
2014-12-31,3.31,ABBV
2013-12-31,3.14,ABBV
2012-12-31,0.9761,ABBV
2024-10-31,6.38,ADI
2023-10-31,10.08,ADI
2022-10-31,9.59,ADI
2021-10-31,6.43,ADI
2020-10-31,4.91,ADI
2019-10-31,5.14,ADI
2018-10-31,5.95,ADI
2017-10-31,4.68,ADI
2016-10-31,3.07,ADI
2015-10-31,3.16,ADI
2014-10-31,2.4,ADI
2013-10-31,2.15,ADI
2012-10-31,2.13,ADI
2011-10-31,2.72,ADI
2010-10-31,2.36,ADI
2009-10-31,0.97,ADI
2008-10-31,1.77,ADI
2007-10-31,1.49,ADI
2006-10-31,1.6,ADI
2005-10-31,1.27,ADI
2004-10-31,1.46,ADI
2003-10-31,0.81,ADI
2002-10-31,0.55,ADI
2001-10-31,1.12,ADI
2000-10-31,1.54,ADI
1999-10-31,0.58,ADI
1998-10-31,0.43,ADI
1997-10-31,0.53,ADI
1996-10-31,0.39,ADI
2024-09-30,146.18,BKNG
2023-12-31,153.54,BKNG
2022-12-31,100.75,BKNG
2021-12-31,45.72,BKNG
2020-12-31,4.66,BKNG
2019-12-31,103.42,BKNG
2018-12-31,92.94,BKNG
2017-12-31,77.1,BKNG
2016-12-31,69.86,BKNG
2015-12-31,58.55,BKNG
2014-12-31,53.33,BKNG
2013-12-31,41.61,BKNG
2012-12-31,31.3,BKNG
2011-12-31,23.47,BKNG
2010-12-31,13.52,BKNG
2009-12-31,8.55,BKNG
2008-12-31,5.99,BKNG
2007-12-31,4.08,BKNG
2006-12-31,2.04,BKNG
2005-12-31,1.37,BKNG
2004-12-31,0.95,BKNG
2003-12-31,0.47,BKNG
2002-12-31,-0.4019,BKNG
2001-12-31,0.36,BKNG
2000-12-31,-1.62,BKNG
1999-12-31,-2.16,BKNG
2024-09-30,8.18,UNP
2023-12-31,10.46,UNP
2022-12-31,11.36,UNP
2021-12-31,9.95,UNP
2020-12-31,8.19,UNP
2019-12-31,8.39,UNP
2018-12-31,7.93,UNP
2017-12-31,5.8,UNP
2016-12-31,5.08,UNP
2015-12-31,5.41,UNP
2014-12-31,5.76,UNP
2013-12-31,4.71,UNP
2012-12-31,4.15,UNP
2011-12-31,3.38,UNP
2010-12-31,2.77,UNP
2009-12-31,1.8,UNP
2008-12-31,2.29,UNP
2007-12-31,1.73,UNP
2006-12-31,1.49,UNP
2005-12-31,0.86,UNP
2004-12-31,0.72,UNP
2003-12-31,1.01,UNP
2002-12-31,1.09,UNP
2001-12-31,0.95,UNP
2000-12-31,0.91,UNP
1999-12-31,0.81,UNP
1998-12-31,-0.06,UNP
1997-12-31,0.54,UNP
1996-12-31,0.91,UNP
2024-09-30,5.92,MRK
2023-12-31,1.5,MRK
2022-12-31,7.48,MRK
2021-12-31,6.26,MRK
2020-12-31,5.93,MRK
2019-12-31,5.19,MRK
2018-12-31,4.34,MRK
2017-12-31,3.98,MRK
2016-12-31,3.78,MRK
2015-12-31,3.6,MRK
2014-12-31,3.5,MRK
2013-12-31,3.49,MRK
2012-12-31,3.3947,MRK
2011-12-31,3.78,MRK
2010-12-31,3.42,MRK
2009-12-31,3.26,MRK
2008-12-31,3.42,MRK
2007-12-31,3.21,MRK
2006-12-31,2.52,MRK
2005-12-31,2.53,MRK
2004-12-31,2.62,MRK
2003-12-31,3.04,MRK
2002-12-31,3.14,MRK
2001-12-31,3.14,MRK
2000-12-31,2.89,MRK
1999-12-31,2.46,MRK
1998-12-31,2.18,MRK
1997-12-31,1.92,MRK
1996-12-31,1.61,MRK
2024-11-30,0.0,COST
2024-08-31,16.36,COST
2023-08-31,13.82,COST
2022-08-31,13.39,COST
2021-08-31,11.7,COST
2020-08-31,6.66,COST
2019-08-31,8.2368,COST
2018-08-31,7.1179,COST
2017-08-31,4.65,COST
2016-08-31,4.1,COST
2015-08-31,4.1,COST
2014-08-31,3.59,COST
2013-08-31,3.39,COST
2012-08-31,3.07,COST
2011-08-31,2.52,COST
2010-08-31,2.23,COST
2009-08-31,2.02,COST
2008-08-31,2.18,COST
2007-08-31,2.4722,COST
2006-08-31,1.69,COST
2005-08-31,1.49,COST
2004-08-31,1.86,COST
2003-08-31,1.4709,COST
2002-08-31,1.08,COST
2001-08-31,1.146,COST
2000-08-31,0.97,COST
1999-08-31,0.5987,COST
1998-08-31,0.995,COST
2024-09-30,6.31,FI
2023-12-31,5.97,FI
2022-12-31,-0.08,FI
2021-12-31,-1.9,FI
2020-12-31,-1.74,FI
2019-12-31,-1.03,FI
2018-12-31,-0.41,FI
2017-12-31,-0.61,FI
2016-12-31,-0.4151,FI
2015-12-31,0.6,FI
2014-12-31,1.03,FI
2013-12-31,1.1976,FI
2012-12-31,1.1126,FI
2011-12-31,0.8195,FI
2010-12-31,0.8172,FI
2009-12-31,0.7656,FI
2008-12-31,0.8644,FI
2007-12-31,0.6498,FI
2006-12-31,0.6334,FI
2005-12-31,0.677,FI
2004-12-31,0.4785,FI
2003-12-31,0.4018,FI
2002-12-31,0.3409,FI
2001-12-31,0.272,FI
2000-12-31,0.2332,FI
1999-12-31,0.1827,FI
1998-12-31,0.1518,FI
2024-10-31,3.03,TJX
2024-01-31,3.86,TJX
2023-01-31,3.12,TJX
2022-01-31,2.85,TJX
2021-01-31,0.29,TJX
2020-01-31,2.68,TJX
2019-01-31,2.38,TJX
2018-01-31,1.97,TJX
2017-01-31,1.78,TJX
2016-01-31,1.68,TJX
2015-01-31,1.6,TJX
2014-01-31,1.43,TJX
2013-01-31,1.28,TJX
2012-01-31,1.01,TJX
2011-01-31,0.87,TJX
2010-01-31,0.71,TJX
2009-01-31,0.5,TJX
2008-01-31,0.49,TJX
2007-01-31,0.41,TJX
2006-01-31,0.35,TJX
2005-01-31,0.34,TJX
2004-01-31,0.33,TJX
2003-01-31,0.27,TJX
2002-01-31,0.25,TJX
2001-01-31,0.24,TJX
2000-01-31,0.19,TJX
1999-01-31,0.1599,TJX
1998-01-31,0.1094,TJX
1997-01-31,0.0817,TJX
1996-01-31,0.0215,TJX
2024-09-30,2.33,KO
2023-12-31,2.69,KO
2022-12-31,2.48,KO
2021-12-31,2.33,KO
2020-12-31,1.95,KO
2019-12-31,2.11,KO
2018-12-31,2.09,KO
2017-12-31,1.91,KO
2016-12-31,1.91,KO
2015-12-31,2.0,KO
2014-12-31,2.05,KO
2013-12-31,2.08,KO
2012-12-31,2.02,KO
2011-12-31,1.94,KO
2010-12-31,1.75,KO
2009-12-31,1.53,KO
2008-12-31,1.59,KO
2007-12-31,1.36,KO
2006-12-31,1.19,KO
2005-12-31,1.09,KO
2004-12-31,1.03,KO
2003-12-31,0.98,KO
2002-12-31,0.89,KO
2001-12-31,0.83,KO
2000-12-31,0.73,KO
1999-12-31,0.66,KO
1998-12-31,0.71,KO
1997-12-31,0.82,KO
1996-12-31,0.71,KO
2024-09-30,5.21,APO
2023-12-31,6.74,APO
2022-12-31,4.97,APO
2021-12-31,4.56,APO
2020-12-31,2.02,APO
2019-12-31,2.7,APO
2018-12-31,-0.21,APO
2017-12-31,3.57,APO
2016-12-31,2.36,APO
2015-12-31,0.95,APO
2014-12-31,1.42,APO
2013-12-31,4.79,APO
2012-12-31,3.82,APO
2011-12-31,-2.2404,APO
2010-12-31,2.3415,APO
2024-10-31,10.05,LOW
2024-01-31,13.06,LOW
2023-01-31,13.73,LOW
2022-01-31,11.97,LOW
2021-01-31,8.83,LOW
2020-01-31,5.72,LOW
2019-01-31,5.1,LOW
2018-01-31,4.39,LOW
2017-01-31,3.98,LOW
2016-01-31,3.29,LOW
2015-01-31,2.67,LOW
2014-01-31,2.15,LOW
2013-01-31,1.75,LOW
2012-01-31,1.66,LOW
2011-01-31,1.44,LOW
2010-01-31,1.23,LOW
2009-01-31,1.49,LOW
2008-01-31,1.86,LOW
2007-01-31,1.99,LOW
2006-01-31,1.75,LOW
2005-01-31,1.38,LOW
2004-01-31,1.18,LOW
2003-01-31,0.94,LOW
2002-01-31,0.65,LOW
2001-01-31,0.48,LOW
2000-01-31,0.45,LOW
1999-01-31,0.35,LOW
1998-01-31,0.25,LOW
1997-01-31,0.21,LOW
1996-01-31,0.06,LOW
2024-11-30,13.61,ADBE
2023-11-30,16.07,ADBE
2022-11-30,13.72,ADBE
2021-11-30,12.48,ADBE
2020-11-30,10.03,ADBE
2019-11-30,7.82,ADBE
2018-11-30,6.84,ADBE
2017-11-30,4.32,ADBE
2016-11-30,3.02,ADBE
2015-11-30,2.08,ADBE
2014-11-30,1.31,ADBE
2013-11-30,1.35,ADBE
2012-11-30,2.36,ADBE
2011-11-30,2.35,ADBE
2010-11-30,1.94,ADBE
2009-11-30,1.54,ADBE
2008-11-30,2.08,ADBE
2007-11-30,1.61,ADBE
2006-11-30,1.25,ADBE
2005-11-30,1.14,ADBE
2004-11-30,0.91,ADBE
2003-11-30,0.58,ADBE
2002-11-30,0.49,ADBE
2001-11-30,0.58,ADBE
2000-11-30,0.56,ADBE
1999-11-30,0.39,ADBE
1998-11-30,0.24,ADBE
1997-11-30,0.29,ADBE
1996-11-30,0.1,ADBE
2024-09-30,15.26,BRK-B
2023-12-31,17.19,BRK-B
2022-12-31,13.98,BRK-B
2021-12-31,12.12,BRK-B
2020-12-31,9.14,BRK-B
2019-12-31,9.64,BRK-B
2018-12-31,10.04,BRK-B
2017-12-31,5.86,BRK-B
2016-12-31,7.14,BRK-B
2015-12-31,7.05,BRK-B
2014-12-31,6.72,BRK-B
2013-12-31,6.14,BRK-B
2012-12-31,5.09,BRK-B
2011-12-31,4.35,BRK-B
2010-12-31,4.52,BRK-B
2009-12-31,4880.0,BRK-B
2008-12-31,6223.0,BRK-B
2007-12-31,6232.0,BRK-B
2006-12-31,6036.0,BRK-B
2005-12-31,3196.0,BRK-B
2004-12-31,3283.0,BRK-B
2003-12-31,3531.0,BRK-B
2002-12-31,2543.0,BRK-B
2001-12-31,-332.7353,BRK-B
2000-12-31,358.8271,BRK-B
1999-12-31,0.6839,BRK-B
1998-12-31,1.5112,BRK-B
2024-09-30,16.76,CAT
2023-12-31,21.21,CAT
2022-12-31,14.28,CAT
2021-12-31,10.82,CAT
2020-12-31,6.09,CAT
2019-12-31,11.06,CAT
2018-12-31,11.2,CAT
2017-12-31,6.88,CAT
2016-12-31,3.44,CAT
2015-12-31,4.48,CAT
2014-12-31,6.37,CAT
2013-12-31,5.79,CAT
2012-12-31,8.63,CAT
2011-12-31,7.39,CAT
2010-12-31,4.04,CAT
2009-12-31,2.16,CAT
2008-12-31,5.66,CAT
2007-12-31,5.37,CAT
2006-12-31,5.18,CAT
2005-12-31,4.04,CAT
2004-12-31,2.85,CAT
2003-12-31,1.56,CAT
2002-12-31,1.16,CAT
2001-12-31,1.31,CAT
2000-12-31,1.51,CAT
1999-12-31,1.33,CAT
1998-12-31,2.06,CAT
1997-12-31,2.21,CAT
1996-12-31,1.77,CAT
2024-09-30,8.9,MCD
2023-12-31,11.94,MCD
2022-12-31,10.1,MCD
2021-12-31,9.28,MCD
2020-12-31,6.05,MCD
2019-12-31,7.91,MCD
2018-12-31,7.85,MCD
2017-12-31,6.67,MCD
2016-12-31,5.73,MCD
2015-12-31,5.01,MCD
2014-12-31,5.1,MCD
2013-12-31,5.56,MCD
2012-12-31,5.36,MCD
2011-12-31,5.28,MCD
2010-12-31,4.61,MCD
2009-12-31,3.98,MCD
2008-12-31,3.67,MCD
2007-12-31,2.89,MCD
2006-12-31,2.45,MCD
2005-12-31,2.04,MCD
2004-12-31,1.93,MCD
2003-12-31,1.44,MCD
2002-12-31,1.33,MCD
2001-12-31,1.39,MCD
2000-12-31,1.47,MCD
1999-12-31,1.41,MCD
1998-12-31,1.26,MCD
1997-12-31,1.18,MCD
1996-12-31,1.13,MCD
2024-09-30,4.77,AMT
2023-12-31,3.18,AMT
2022-12-31,3.84,AMT
2021-12-31,5.67,AMT
2020-12-31,3.79,AMT
2019-12-31,4.23,AMT
2018-12-31,2.77,AMT
2017-12-31,2.96,AMT
2016-12-31,1.97,AMT
2015-12-31,1.41,AMT
2014-12-31,2.01,AMT
2013-12-31,1.38,AMT
2012-12-31,1.6,AMT
2011-12-31,0.99,AMT
2010-12-31,0.92,AMT
2009-12-31,0.6,AMT
2008-12-31,0.57,AMT
2007-12-31,0.13,AMT
2006-12-31,0.0576,AMT
2005-12-31,-0.46,AMT
2004-12-31,-1.01,AMT
2003-12-31,-1.19,AMT
2002-12-31,-2.96,AMT
2001-12-31,-2.34,AMT
2000-12-31,-1.12,AMT
1999-12-31,-0.32,AMT
1998-12-31,-0.5545,AMT
2024-09-30,-0.26,INTC
2023-12-31,1.04,INTC
2022-12-31,1.85,INTC
2021-12-31,5.47,INTC
2020-12-31,5.31,INTC
2019-12-31,4.89,INTC
2018-12-31,4.59,INTC
2017-12-31,3.47,INTC
2016-12-31,2.72,INTC
2015-12-31,2.34,INTC
2014-12-31,2.33,INTC
2013-12-31,1.88,INTC
2012-12-31,2.13,INTC
2011-12-31,2.39,INTC
2010-12-31,2.05,INTC
2009-12-31,0.77,INTC
2008-12-31,0.92,INTC
2007-12-31,1.18,INTC
2006-12-31,0.86,INTC
2005-12-31,1.4,INTC
2004-12-31,1.16,INTC
2003-12-31,0.86,INTC
2002-12-31,0.51,INTC
2001-12-31,0.53,INTC
2000-12-31,1.65,INTC
1999-12-31,1.19,INTC
1998-12-31,0.89,INTC
1997-12-31,0.98,INTC
1996-12-31,0.74,INTC
2024-09-30,2.9,NEE
2023-12-31,3.18,NEE
2022-12-31,2.91,NEE
2021-12-31,2.54,NEE
2020-12-31,2.32,NEE
2019-12-31,2.1,NEE
2018-12-31,1.94,NEE
2017-12-31,1.68,NEE
2016-12-31,1.55,NEE
2015-12-31,1.43,NEE
2014-12-31,1.33,NEE
2013-12-31,1.25,NEE
2012-12-31,1.16,NEE
2011-12-31,1.1,NEE
2010-12-31,1.08,NEE
2009-12-31,1.03,NEE
2008-12-31,0.96,NEE
2007-12-31,0.89,NEE
2006-12-31,0.76,NEE
2005-12-31,0.65,NEE
2004-12-31,0.62,NEE
2003-12-31,0.61,NEE
2002-12-31,0.59,NEE
2001-12-31,0.6,NEE
2000-12-31,0.55,NEE
1999-12-31,0.49,NEE
1998-12-31,1.93,NEE
1997-12-31,1.79,NEE
1996-12-31,1.67,NEE
2024-09-30,4.98,UPS
2023-12-31,8.78,UPS
2022-12-31,12.95,UPS
2021-12-31,12.13,UPS
2020-12-31,8.22,UPS
2019-12-31,7.53,UPS
2018-12-31,7.25,UPS
2017-12-31,6.02,UPS
2016-12-31,5.77,UPS
2015-12-31,5.43,UPS
2014-12-31,4.76,UPS
2013-12-31,4.58,UPS
2012-12-31,4.53,UPS
2011-12-31,4.27,UPS
2010-12-31,3.56,UPS
2009-12-31,2.31,UPS
2008-12-31,3.51,UPS
2007-12-31,4.18,UPS
2006-12-31,3.86,UPS
2005-12-31,3.47,UPS
2004-12-31,2.85,UPS
2003-12-31,2.45,UPS
2002-12-31,2.14,UPS
2001-12-31,2.13,UPS
2000-12-31,2.39,UPS
1999-12-31,0.56,UPS
2024-09-30,3.67,AMZN
2023-12-31,2.9,AMZN
2022-12-31,0.97,AMZN
2021-12-31,2.15,AMZN
2020-12-31,2.09,AMZN
2019-12-31,1.14,AMZN
2018-12-31,1.0,AMZN
2017-12-31,0.23,AMZN
2016-12-31,0.25,AMZN
2015-12-31,0.06,AMZN
2014-12-31,-0.03,AMZN
2013-12-31,-0.07,AMZN
2012-12-31,0.02,AMZN
2011-12-31,0.07,AMZN
2010-12-31,0.13,AMZN
2009-12-31,0.1,AMZN
2008-12-31,0.08,AMZN
2007-12-31,0.05,AMZN
2006-12-31,0.12,AMZN
2005-12-31,0.11,AMZN
2004-12-31,0.05,AMZN
2003-12-31,0.04,AMZN
2002-12-31,-0.1024,AMZN
2001-12-31,0.06,AMZN
2000-12-31,-0.06,AMZN
1999-12-31,-0.06,AMZN
1998-12-31,-0.25,AMZN
1997-12-31,-0.08,AMZN
2024-09-30,15.76,TMO
2023-12-31,21.54,TMO
2022-12-31,23.24,TMO
2021-12-31,25.11,TMO
2020-12-31,19.55,TMO
2019-12-31,12.34,TMO
2018-12-31,11.12,TMO
2017-12-31,9.48,TMO
2016-12-31,8.27,TMO
2015-12-31,7.39,TMO
2014-12-31,6.95,TMO
2013-12-31,5.42,TMO
2012-12-31,4.94,TMO
2011-12-31,4.16,TMO
2010-12-31,3.58,TMO
2009-12-31,3.05,TMO
2008-12-31,3.17,TMO
2007-12-31,2.65,TMO
2006-12-31,1.82,TMO
2005-12-31,1.56,TMO
2004-12-31,1.26,TMO
2003-12-31,1.1,TMO
2002-12-31,0.98,TMO
2001-12-31,0.91,TMO
2000-12-31,0.62,TMO
1999-12-31,0.87,TMO
1998-12-31,1.22,TMO
1997-12-31,1.59,TMO
1996-12-31,1.35,TMO
2024-11-30,1.39,ORCL
2024-05-31,5.57,ORCL
2023-05-31,5.13,ORCL
2022-05-31,4.91,ORCL
2021-05-31,4.69,ORCL
2020-05-31,3.88,ORCL
2019-05-31,3.54,ORCL
2018-05-31,3.14,ORCL
2017-05-31,2.74,ORCL
2016-05-31,2.61,ORCL
2015-05-31,2.77,ORCL
2014-05-31,2.88,ORCL
2013-05-31,2.69,ORCL
2012-05-31,2.46,ORCL
2011-05-31,2.22,ORCL
2010-05-31,1.67,ORCL
2009-05-31,1.44,ORCL
2008-05-31,1.3,ORCL
2007-05-31,1.02,ORCL
2006-05-31,0.81,ORCL
2005-05-31,0.68,ORCL
2004-05-31,0.51,ORCL
2003-05-31,0.44,ORCL
2002-05-31,0.42,ORCL
2001-05-31,0.45,ORCL
2000-05-31,0.36,ORCL
1999-05-31,0.22,ORCL
1998-05-31,0.17,ORCL
1997-05-31,0.14,ORCL
1996-05-31,0.0916,ORCL
2024-09-30,3.31,SBUX
2023-09-30,3.55,SBUX
2022-09-30,2.96,SBUX
2021-09-30,3.24,SBUX
2020-09-30,1.16,SBUX
2019-09-30,2.76,SBUX
2018-09-30,2.35,SBUX
2017-09-30,2.07,SBUX
2016-09-30,1.9,SBUX
2015-09-30,1.58,SBUX
2014-09-30,1.33,SBUX
2013-09-30,1.12,SBUX
2012-09-30,0.9,SBUX
2011-09-30,0.77,SBUX
2010-09-30,0.64,SBUX
2009-09-30,0.4,SBUX
2008-09-30,0.36,SBUX
2007-09-30,0.45,SBUX
2006-09-30,0.37,SBUX
2005-09-30,0.31,SBUX
2004-09-30,0.24,SBUX
2003-09-30,0.16,SBUX
2002-09-30,0.15,SBUX
2001-09-30,0.12,SBUX
2000-09-30,0.09,SBUX
1999-09-30,0.07,SBUX
1998-09-30,0.06,SBUX
1997-09-30,0.04,SBUX
1996-09-30,0.03,SBUX
2024-09-30,3.89,TXN
2023-12-31,7.06,TXN
2022-12-31,9.38,TXN
2021-12-31,8.24,TXN
2020-12-31,5.81,TXN
2019-12-31,5.19,TXN
2018-12-31,5.6,TXN
2017-12-31,4.23,TXN
2016-12-31,3.22,TXN
2015-12-31,2.73,TXN
2014-12-31,2.49,TXN
2013-12-31,1.92,TXN
2012-12-31,1.64,TXN
2011-12-31,2.1,TXN
2010-12-31,2.49,TXN
2009-12-31,1.15,TXN
2008-12-31,1.57,TXN
2007-12-31,1.83,TXN
2006-12-31,1.7,TXN
2005-12-31,1.4,TXN
2004-12-31,1.06,TXN
2003-12-31,0.48,TXN
2002-12-31,0.22,TXN
2001-12-31,0.12,TXN
2000-12-31,1.23,TXN
1999-12-31,0.91,TXN
1998-12-31,0.45,TXN
1997-12-31,0.51,TXN
1996-12-31,0.25,TXN
2024-10-31,2.5,INTU
2024-07-31,16.97,INTU
2023-07-31,14.43,INTU
2022-07-31,11.83,INTU
2021-07-31,9.66,INTU
2020-07-31,7.87,INTU
2019-07-31,6.75,INTU
2018-07-31,5.6,INTU
2017-07-31,4.42,INTU
2016-07-31,3.85,INTU
2015-07-31,2.64,INTU
2014-07-31,3.48,INTU
2013-07-31,3.16,INTU
2012-07-31,2.95,INTU
2011-07-31,2.55,INTU
2010-07-31,2.12,INTU
2009-07-31,1.83,INTU
2008-07-31,1.61,INTU
2007-07-31,1.44,INTU
2006-07-31,1.23,INTU
2005-07-31,1.04,INTU
2004-07-31,0.84,INTU
2003-07-31,0.72,INTU
2002-07-31,0.59,INTU
2001-07-31,0.4,INTU
2000-07-31,0.32,INTU
1999-07-31,0.26,INTU
1998-07-31,0.16,INTU
1997-07-31,0.11,INTU
1996-07-31,0.13,INTU
2024-09-30,4.2,RTX
2023-12-31,5.05,RTX
2022-12-31,4.79,RTX
2021-12-31,4.27,RTX
2020-12-31,3.5,RTX
2019-12-31,8.26,RTX
2018-12-31,7.62,RTX
2017-12-31,6.66,RTX
2016-12-31,6.56,RTX
2015-12-31,6.29,RTX
2014-12-31,6.82,RTX
2013-12-31,6.22,RTX
2012-12-31,5.34,RTX
2011-12-31,5.5,RTX
2010-12-31,4.74,RTX
2009-12-31,4.12,RTX
2008-12-31,4.91,RTX
2007-12-31,4.27,RTX
2006-12-31,3.71,RTX
2005-12-31,3.11,RTX
2004-12-31,2.77,RTX
2003-12-31,2.35,RTX
2002-12-31,2.22,RTX
2001-12-31,1.92,RTX
2000-12-31,1.78,RTX
1999-12-31,1.36,RTX
1998-12-31,1.28,RTX
1997-12-31,1.04,RTX
1996-12-31,0.87,RTX
2024-09-30,2.23,AMD
2023-12-31,2.65,AMD
2022-12-31,3.54,AMD
2021-12-31,2.8,AMD
2020-12-31,1.29,AMD
2019-12-31,0.64,AMD
2018-12-31,0.46,AMD
2017-12-31,0.16,AMD
2016-12-31,-0.15,AMD
2015-12-31,-0.53,AMD
2014-12-31,-0.02,AMD
2013-12-31,-0.12,AMD
2012-12-31,-0.16,AMD
2011-12-31,0.51,AMD
2010-12-31,0.49,AMD
2009-12-31,0.19,AMD
2008-12-31,-1.67,AMD
2007-12-31,-2.51,AMD
2006-12-31,0.79,AMD
2005-12-31,0.62,AMD
2004-12-31,0.38,AMD
2003-12-31,-0.79,AMD
2002-12-31,-1.99,AMD
2001-12-31,0.09,AMD
2000-12-31,2.35,AMD
1999-12-31,-1.2,AMD
1998-12-31,-0.36,AMD
1997-12-31,-0.06,AMD
1996-12-31,-0.26,AMD
2024-09-30,-14.47,BA
2023-12-31,-5.82,BA
2022-12-31,-11.05,BA
2021-12-31,-9.42,BA
2020-12-31,-12.07,BA
2019-12-31,-3.54,BA
2018-12-31,16.03,BA
2017-12-31,10.34,BA
2016-12-31,7.28,BA
2015-12-31,7.71,BA
2014-12-31,8.45,BA
2013-12-31,7.08,BA
2012-12-31,5.12,BA
2011-12-31,4.8,BA
2010-12-31,3.99,BA
2009-12-31,1.83,BA
2008-12-31,3.63,BA
2007-12-31,5.25,BA
2006-12-31,2.85,BA
2005-12-31,3.2,BA
2004-12-31,2.31,BA
2003-12-31,1.0,BA
2002-12-31,2.84,BA
2001-12-31,3.62,BA
2000-12-31,2.96,BA
1999-12-31,2.4,BA
1998-12-31,1.12,BA
1997-12-31,0.63,BA
1996-12-31,1.45,BA
2024-09-30,9.24,SHW
2023-12-31,10.34,SHW
2022-12-31,8.74,SHW
2021-12-31,8.14,SHW
2020-12-31,8.19,SHW
2019-12-31,7.03,SHW
2018-12-31,6.17,SHW
2017-12-31,4.9,SHW
2016-12-31,4.17,SHW
2015-12-31,3.72,SHW
2014-12-31,2.98,SHW
2013-12-31,2.53,SHW
2012-12-31,2.16,SHW
2011-12-31,1.61,SHW
2010-12-31,1.47,SHW
2009-12-31,1.3,SHW
2008-12-31,1.43,SHW
2007-12-31,1.58,SHW
2006-12-31,1.38,SHW
2005-12-31,1.09,SHW
2004-12-31,0.91,SHW
2003-12-31,0.75,SHW
2002-12-31,0.68,SHW
2001-12-31,0.56,SHW
2000-12-31,0.64,SHW
1999-12-31,0.6,SHW
1998-12-31,1.58,SHW
1997-12-31,1.5,SHW
1996-12-31,1.34,SHW
2024-09-30,3.84,MO
2023-12-31,4.95,MO
2022-12-31,4.84,MO
2021-12-31,4.61,MO
2020-12-31,4.36,MO
2019-12-31,4.21,MO
2018-12-31,3.99,MO
2017-12-31,3.39,MO
2016-12-31,3.03,MO
2015-12-31,2.79,MO
2014-12-31,2.57,MO
2013-12-31,2.38,MO
2012-12-31,2.21,MO
2011-12-31,2.03,MO
2010-12-31,1.9,MO
2009-12-31,1.76,MO
2008-12-31,1.66,MO
2007-12-31,4.39,MO
2006-12-31,5.35,MO
2005-12-31,5.11,MO
2004-12-31,4.73,MO
2003-12-31,4.62,MO
2002-12-31,4.57,MO
2001-12-31,4.04,MO
2000-12-31,3.7,MO
1999-12-31,3.25,MO
1998-12-31,3.12,MO
1997-12-31,2.93,MO
1996-12-31,2.56,MO
2024-10-31,2.102,NVDA
2024-01-31,1.297,NVDA
2023-01-31,0.333,NVDA
2022-01-31,0.4445,NVDA
2021-01-31,0.2505,NVDA
2020-01-31,0.1453,NVDA
2019-01-31,0.166,NVDA
2018-01-31,0.115,NVDA
2017-01-31,0.064,NVDA
2016-01-31,0.03,NVDA
2015-01-31,0.029,NVDA
2014-01-31,0.0195,NVDA
2013-01-31,0.024,NVDA
2012-01-31,0.024,NVDA
2011-01-31,0.017,NVDA
2010-01-31,0.011,NVDA
2009-01-31,0.013,NVDA
2008-01-31,0.039,NVDA
2007-01-31,0.0248,NVDA
2006-01-31,0.017,NVDA
2005-01-31,0.009,NVDA
2004-01-31,0.006,NVDA
2003-01-31,0.007,NVDA
2002-01-31,0.01,NVDA
2001-01-31,0.004,NVDA
2000-01-31,0.006,NVDA
2024-09-30,2.24,SCHW
2023-12-31,3.13,SCHW
2022-12-31,3.93,SCHW
2021-12-31,3.34,SCHW
2020-12-31,2.28,SCHW
2019-12-31,2.72,SCHW
2018-12-31,2.45,SCHW
2017-12-31,1.64,SCHW
2016-12-31,1.29,SCHW
2015-12-31,0.98,SCHW
2014-12-31,0.95,SCHW
2013-12-31,0.78,SCHW
2012-12-31,0.67,SCHW
2011-12-31,0.72,SCHW
2010-12-31,0.47,SCHW
2009-12-31,0.68,SCHW
2008-12-31,1.06,SCHW
2007-12-31,0.98,SCHW
2006-12-31,0.8,SCHW
2005-12-31,0.56,SCHW
2004-12-31,0.4,SCHW
2003-12-31,0.36,SCHW
2002-12-31,0.29,SCHW
2001-12-31,0.29,SCHW
2000-12-31,0.59,SCHW
1999-12-31,0.47,SCHW
1998-12-31,0.29,SCHW
1997-12-31,0.22,SCHW
1996-12-31,0.2,SCHW
2024-09-30,6.12,XOM
2023-12-31,9.52,XOM
2022-12-31,14.06,XOM
2021-12-31,5.38,XOM
2020-12-31,-0.32,XOM
2019-12-31,2.44,XOM
2018-12-31,4.88,XOM
2017-12-31,3.58,XOM
2016-12-31,2.37,XOM
2015-12-31,3.85,XOM
2014-12-31,7.36,XOM
2013-12-31,7.37,XOM
2012-12-31,8.09,XOM
2011-12-31,8.42,XOM
2010-12-31,6.22,XOM
2009-12-31,4.01,XOM
2008-12-31,8.44,XOM
2007-12-31,7.28,XOM
2006-12-31,6.55,XOM
2005-12-31,5.35,XOM
2004-12-31,3.97,XOM
2003-12-31,2.56,XOM
2002-12-31,1.7,XOM
2001-12-31,1.91,XOM
2000-12-31,2.41,XOM
1999-12-31,1.19,XOM
1998-12-31,1.31,XOM
1997-12-31,1.71,XOM
1996-12-31,1.4,XOM
2024-09-30,7.99,CVX
2023-12-31,13.13,CVX
2022-12-31,18.83,CVX
2021-12-31,8.13,CVX
2020-12-31,-0.2,CVX
2019-12-31,6.2,CVX
2018-12-31,7.74,CVX
2017-12-31,3.71,CVX
2016-12-31,0.94,CVX
2015-12-31,3.08,CVX
2014-12-31,10.14,CVX
2013-12-31,11.09,CVX
2012-12-31,12.57,CVX
2011-12-31,13.44,CVX
2010-12-31,9.37,CVX
2009-12-31,4.84,CVX
2008-12-31,11.36,CVX
2007-12-31,8.35,CVX
2006-12-31,7.93,CVX
2005-12-31,6.54,CVX
2004-12-31,5.6,CVX
2003-12-31,3.52,CVX
2002-12-31,2.11,CVX
2001-12-31,3.5,CVX
2000-12-31,4.19,CVX
1999-12-31,1.75,CVX
1998-12-31,1.51,CVX
1997-12-31,2.42,CVX
1996-12-31,2.04,CVX
2024-09-30,10.31,AXP
2023-12-31,11.21,AXP
2022-12-31,9.84,AXP
2021-12-31,9.99,AXP
2020-12-31,3.76,AXP
2019-12-31,8.19,AXP
2018-12-31,7.32,AXP
2017-12-31,5.89,AXP
2016-12-31,5.61,AXP
2015-12-31,5.37,AXP
2014-12-31,5.33,AXP
2013-12-31,4.92,AXP
2012-12-31,4.4,AXP
2011-12-31,4.08,AXP
2010-12-31,3.41,AXP
2009-12-31,1.54,AXP
2008-12-31,2.35,AXP
2007-12-31,3.37,AXP
2006-12-31,3.02,AXP
2005-12-31,2.85,AXP
2004-12-31,2.74,AXP
2003-12-31,2.31,AXP
2002-12-31,2.01,AXP
2001-12-31,0.9204,AXP
2000-12-31,2.06,AXP
1999-12-31,1.81,AXP
1998-12-31,1.6,AXP
1997-12-31,1.39,AXP
1996-12-31,1.2,AXP
2024-09-30,3.3,MSFT
2024-06-30,11.81,MSFT
2023-06-30,9.81,MSFT
2022-06-30,9.2,MSFT
2021-06-30,7.97,MSFT
2020-06-30,5.75,MSFT
2019-06-30,4.75,MSFT
2018-06-30,3.88,MSFT
2017-06-30,3.31,MSFT
2016-06-30,2.76,MSFT
2015-06-30,2.5,MSFT
2014-06-30,2.63,MSFT
2013-06-30,2.67,MSFT
2012-06-30,2.73,MSFT
2011-06-30,2.69,MSFT
2010-06-30,2.1,MSFT
2009-06-30,1.7,MSFT
2008-06-30,1.88,MSFT
2007-06-30,1.49,MSFT
2006-06-30,1.27,MSFT
2005-06-30,1.3,MSFT
2004-06-30,1.26,MSFT
2003-06-30,1.05,MSFT
2002-06-30,0.93,MSFT
2001-06-30,0.91,MSFT
2000-06-30,0.87,MSFT
1999-06-30,0.71,MSFT
1998-06-30,0.46,MSFT
1997-06-30,0.33,MSFT
1996-06-30,0.215,MSFT
2024-09-30,1.36,UBER
2023-12-31,0.86,UBER
2022-12-31,-1.83,UBER
2021-12-31,-0.41,UBER
2020-12-31,-2.6,UBER
2019-12-31,-8.32,UBER
2018-12-31,-1.86,UBER
2024-10-31,8.66,AMAT
2023-10-31,8.05,AMAT
2022-10-31,7.71,AMAT
2021-10-31,6.86,AMAT
2020-10-31,4.18,AMAT
2019-10-31,3.05,AMAT
2018-10-31,4.45,AMAT
2017-10-31,3.25,AMAT
2016-10-31,1.76,AMAT
2015-10-31,1.18,AMAT
2014-10-31,1.06,AMAT
2013-10-31,0.59,AMAT
2012-10-31,0.75,AMAT
2011-10-31,1.3,AMAT
2010-10-31,1.0,AMAT
2009-10-31,-0.06,AMAT
2008-10-31,0.79,AMAT
2007-10-31,1.27,AMAT
2006-10-31,1.05,AMAT
2005-10-31,0.66,AMAT
2004-10-31,0.87,AMAT
2003-10-31,0.1002,AMAT
2002-10-31,0.2,AMAT
2001-10-31,0.54,AMAT
2000-10-31,1.22,AMAT
1999-10-31,0.46,AMAT
1998-10-31,0.29,AMAT
1997-10-31,0.35,AMAT
1996-10-31,0.31,AMAT
